{
    "forward": [
        {
            "values": [0.0, 0.0, 0.0, 0.0, 0.0, 0.0, 0.0, 0.0, 0.0, 0.0], // x_t in R^d (after elimination)
            "masks": [0, 0, 0, 0, 0, 0, 0, 0, 0, 0], // m_t in R^d
            "deltas": [0, 0, 0, 0, 0, 0, 0, 0, 0, 0], // delta_t in R^d
            "evals": [0.0, 0.0, 0.0, 0.0, 0.0, 0.0, 0.0, 0.0, 0.0, 0.0], // x_t in R^d (before elimination)
            "eval_masks": [0, 0, 0, 0, 0, 0, 0, 0, 0, 0], // imputation, but 100% true (used for testing)

            "forwards": [0.0, 0.0, 0.0, 0.0, 0.0, 0.0], // the forward imputation, only used in GRU_D, can be any numbers in our model
        },
        {
            "evals":        [ -0.8852064318, -0.7105496504, -0.4220575493, ... ],
            "masks":        [             1,             1,             0, ... ],
            "deltas":       [           1.0,           1.0,           2.0, ... ],
            "values":       [ -0.8852064318, -0.7105496504,           0.0, ... ],
            "eval_masks":   [             0,             0,             1, ... ], // <--- eval_masks example
            
            "forwards":     [ -0.8852064318, -0.7105496504, -0.2386911407, ... ],
        },
        { 
            "evals":      [0.0, 0.0, 0.0, 0.0, 0.0, 0.0, 0.0, 0.0, 0.0, 0.0, 0.9056552797, 0.0, 0.0, 0.0, -0.6644796629, 0.0, 0.0, 0.0, 0.0, 0.0, 0.2233221525, 0.9872348884, 1.5032897407, 0.0, 0.0, 0.0, 0.0, -0.1197213235, 0.0, 0.0,], 
            "masks":      [  0,   0,   0,   0,   0,   0,   0,   0,   0,   0,            1,   0,   0,   0,             1,   0,   0,   0,   0,   0,             1,           1, 1, 0, 0, 0, 0, 1, 0, 0,], 
            "values":     [0.0, 0.0, 0.0, 0.0, 0.0, 0.0, 0.0, 0.0, 0.0, 0.0, 0.9056552797, 0.0, 0.0, 0.0, -0.6644796629, 0.0, 0.0, 0.0, 0.0, 0.0, 0.2233221525, 0.9872348884, 1.5032897407, 0.0, 0.0, 0.0, 0.0, -0.1197213235, 0.0, 0.0,], 
            "eval_masks": [  0,   0,   0,   0,   0,   0,   0,   0,   0,   0,            0,   0,   0,   0,             0,   0,   0,   0,   0,   0,             0, 0, 0, 0, 0, 0, 0, 0, 0, 0,],
            "deltas": [0, 0, 0, 0, 0, 0, 0, 0, 0, 0, 0, 0, 0, 0, 0, 0, 0, 0, 0, 0, 0, 0, 0, 0, 0, 0, 0, 0, 0, 0,], 
            "forwards": [0.0, 0.0, 0.0, 0.0, 0.0, 0.0, 0.0, 0.0, 0.0, 0.0, 0.9056552797, 0.0, 0.0, 0.0, -0.6644796629, 0.0, 0.0, 0.0, 0.0, 0.0, 0.2233221525, 0.9872348884, 1.5032897407, 0.0, 0.0, 0.0, 0.0, -0.1197213235, 0.0, 0.0,], 
        }, 
        {
            "evals": [0.0, 0.0, 0.0, 0.0, 0.0, 0.0, 0.0, 0.0, 0.0, 0.0],
            "values": [0.0, 0.0, 0.0, 0.0, 0.0, 0.0, 0.0, 0.0, 0.0, 0.0],
            "deltas": [1.0, 1.0, 1.0, 1.0, 1.0, 1.0, 1.0, 1.0, 1.0, 1.0],
            "forwards": [0.0, 0.0, 0.0, 0.0, 0.0, 0.0, 0.0, 0.0, 0.0, 0.0],
            "masks": [0, 0, 0, 0, 0, 0, 0, 0, 0, 0],
            "eval_masks": [0, 0, 0, 0, 0, 0, 0, 0, 0, 0]
        },
        {
            "evals": [0.0, 0.0, 0.0, 0.0, 0.0, 0.0, 0.0, 0.0, 0.0, 0.0],
            "values": [0.0, 0.0, 0.0, 0.0, 0.0, 0.0, 0.0, 0.0, 0.0, 0.0],
            "deltas": [36.0, 36.0, 36.0, 36.0, 35.0, 36.0, 36.0, 34.0, 36.0, 36.0],
            "forwards": [0.0, 0.0, 0.0, 0.0, -0.6158178601, 0.0, 0.0, -0.4919220897, 0.0, 0.0],
            "masks": [0, 0, 0, 0, 0, 0, 0, 0, 0, 0],
            "eval_masks": [0, 0, 0, 0, 0, 0, 0, 0, 0, 0]
        },
        {
            "evals": [0.0, 0.0, 0.0, 0.0, -0.8294748373, 0.0, 0.0, -0.4919220897, 0.0, 0.0],
            "values": [0.0, 0.0, 0.0, 0.0, -0.8294748373, 0.0, 0.0, -0.4919220897, 0.0, 0.0],
            "deltas": [37.0, 37.0, 37.0, 37.0, 36.0, 37.0, 37.0, 35.0, 37.0, 37.0],
            "forwards": [0.0, 0.0, 0.0, 0.0, -0.8294748373, 0.0, 0.0, -0.4919220897, 0.0, 0.0],
            "masks": [0, 0, 0, 0, 1, 0, 0, 1, 0, 0],
            "eval_masks": [0, 0, 0, 0, 0, 0, 0, 0, 0, 0]
        },
        {
            "evals":      [0.0, 0.0, 0.0, 0.0, -0.8294748373, 0.0, 0.0, -0.4919220897, 0.0, 0.0],
            "masks":      [  0,   0,   0,   0,             0,   0,   0,             0,   0,   0],
            "values":     [0.0, 0.0, 0.0, 0.0,           0.0, 0.0, 0.0,           0.0, 0.0, 0.0],
            "eval_masks": [  0,   0,   0,   0,             0,   0,   0,             0,   0,   0],
            
            "deltas": [38.0, 38.0, 38.0, 38.0, 37.0, 38.0, 38.0, 36.0, 38.0, 38.0],
            "forwards": [0.0, 0.0, 0.0, 0.0, -0.8294748373, 0.0, 0.0, -0.4919220897, 0.0, 0.0],
        },
        {
            "evals": [0.0, 0.0, 0.0, 0.0, -0.8294748373, 0.0, 0.0, -0.4919220897, 0.0, 0.0],
            "deltas": [39.0, 39.0, 39.0, 39.0, 38.0, 39.0, 39.0, 37.0, 39.0, 39.0],
            "forwards": [0.0, 0.0, 0.0, 0.0, -0.8294748373, 0.0, 0.0, -0.4919220897, 0.0, 0.0],
            "masks": [0, 0, 0, 0, 1, 0, 0, 1, 0, 0],
            "values": [0.0, 0.0, 0.0, 0.0, -0.8294748373, 0.0, 0.0, -0.4919220897, 0.0, 0.0],
            "eval_masks": [0, 0, 0, 0, 0, 0, 0, 0, 0, 0]
        }
    ]
}